[{"pk": 1, "model": "ncatalogue.measureunit", "fields": {"name": "\u0428\u0442\u0443\u043a\u0430", "shortname_international": "", "per_name": "\u0437\u0430 \u0448\u0442.", "per_name_international": "", "shortname": "\u0448\u0442.", "name_international": "", "description": ""}}, {"pk": 2, "model": "ncatalogue.measureunit", "fields": {"name": "\u041f\u0430\u0447\u043a\u0430", "shortname_international": "", "per_name": "\u0437\u0430 \u043f\u0430\u0447\u043a\u0443", "per_name_international": "", "shortname": "\u043f\u0430\u0447\u043a\u0430", "name_international": "", "description": ""}}, {"pk": 1, "model": "ncatalogue.category", "fields": {"shop": 1, "rght": 6, "is_operating": true, "name": "\u0427\u0430\u0439", "parent": null, "level": 0, "requires_shipping": true, "slug": "chai", "lft": 1, "tree_id": 1, "order": 0}}, {"pk": 2, "model": "ncatalogue.category", "fields": {"shop": 1, "rght": 6, "is_operating": true, "name": "\u041a\u043e\u0444\u0435", "parent": null, "level": 0, "requires_shipping": true, "slug": "coffee", "lft": 1, "tree_id": 2, "order": 5}}, {"pk": 3, "model": "ncatalogue.category", "fields": {"shop": 1, "rght": 3, "is_operating": true, "name": "\u0427\u0435\u0440\u043d\u044b\u0439 \u0447\u0430\u0439", "parent": 1, "level": 1, "requires_shipping": true, "slug": "chernychai", "lft": 2, "tree_id": 1, "order": 1}}, {"pk": 7, "model": "ncatalogue.category", "fields": {"shop": 1, "rght": 3, "is_operating": true, "name": "\u0410\u0440\u0433\u0435\u043d\u0442\u0438\u043d\u0430", "parent": 2, "level": 1, "requires_shipping": true, "slug": "argentina", "lft": 2, "tree_id": 2, "order": 6}}, {"pk": 8, "model": "ncatalogue.category", "fields": {"shop": 1, "rght": 5, "is_operating": true, "name": "\u0421\u0432\u0435\u0442\u043b\u044b\u0439 \u0447\u0430\u0439", "parent": 1, "level": 1, "requires_shipping": true, "slug": "svetlychai", "lft": 4, "tree_id": 1, "order": 7}}, {"pk": 9, "model": "ncatalogue.category", "fields": {"shop": 1, "rght": 5, "is_operating": true, "name": "\u0410\u0440\u0430\u0431\u0438\u043a\u0430", "parent": 2, "level": 1, "requires_shipping": true, "slug": "arabika", "lft": 4, "tree_id": 2, "order": 8}}, {"pk": 10, "model": "ncatalogue.category", "fields": {"shop": 2, "rght": 2, "is_operating": true, "name": "\u041a\u043e\u0444\u0435 \u043c\u0430\u0433\u0430\u0437\u0438\u043d\u0430 2", "parent": null, "level": 0, "requires_shipping": true, "slug": "cofe2", "lft": 1, "tree_id": 3, "order": 9}}, {"pk": 1, "model": "ncatalogue.product", "fields": {"description": "", "text": "", "price": 10.0, "cover": 1, "upc": "123", "gallery": 1, "currency": 1, "measure_unit": 1, "long_description": "\u0413\u043e\u043b\u0434\u0435\u043d \u0410\u0441\u0441\u0430\u043c \u0421\u0430\u043d\u043a\u0430\u0440 FTGFOP \u2014 \u043a\u043b\u0430\u0441\u0441\u0438\u0447\u0435\u0441\u043a\u0438\u0439 \u0438\u043d\u0434\u0438\u0439\u0441\u043a\u0438\u0439 \u0447\u0435\u0440\u043d\u044b\u0439 \u0447\u0430\u0439 \u0432\u044b\u0441\u0448\u0435\u0433\u043e \u043a\u0430\u0447\u0435\u0441\u0442\u0432\u0430. \r\n\u0412 \u0448\u0442\u0430\u0442\u0435 \u0410\u0441\u0441\u0430\u043c \u0447\u0430\u0439 \u0432\u044b\u0440\u0430\u0449\u0438\u0432\u0430\u0435\u0442\u0441\u044f \u043d\u0430 \u043f\u043b\u043e\u0434\u043e\u0440\u043e\u0434\u043d\u044b\u0445 \u043f\u043e\u0447\u0432\u0430\u0445 \u043f\u043e\u0434 \u0430\u0436\u0443\u0440\u043d\u043e\u0439 \u0442\u0435\u043d\u044c\u044e \u0441\u0435\u0440\u0435\u0431\u0440\u0438\u0441\u0442\u043e\u0433\u043e \u0434\u0443\u0431\u0430 \u0438 \u0430\u043a\u0430\u0446\u0438\u0439. \u041e\u043d \u043d\u0430\u0441\u044b\u0449\u0430\u0435\u0442\u0441\u044f \u0441\u0438\u043b\u043e\u0439 \u043f\u0440\u0438\u0440\u043e\u0434\u044b, \u0430 \u043f\u043e\u0442\u043e\u043c \u0440\u0430\u0441\u043a\u0440\u044b\u0432\u0430\u0435\u0442 \u0435\u0435 \u0437\u0430\u043d\u043e\u0432\u043e \u0432 \u043d\u0435\u043f\u043e\u0432\u0442\u043e\u0440\u0438\u043c\u043e\u043c, \u043f\u043e\u043b\u043d\u043e\u043c \u0438 \u0432\u044b\u0440\u0430\u0437\u0438\u0442\u0435\u043b\u044c\u043d\u043e\u043c \u0431\u0443\u043a\u0435\u0442\u0435.\r\nFTGFOP \u2014 Finest Tippy Golden Flowery Orange Pekoe \u2014 \u043f\u0440\u0435\u043a\u0440\u0430\u0441\u043d\u044b\u0439 \u043a\u0440\u0443\u043f\u043d\u043e\u043b\u0438\u0441\u0442\u043e\u0432\u043e\u0439 \u0447\u0430\u0439 \u0432\u044b\u0441\u0448\u0435\u0433\u043e \u043a\u0430\u0447\u0435\u0441\u0442\u0432\u0430 \u0441 \u0431\u043e\u043b\u044c\u0448\u0438\u043c \u043a\u043e\u043b\u0438\u0447\u0435\u0441\u0442\u0432\u043e\u043c \u0442\u0438\u043f\u0441\u043e\u0432. \u041e\u043d \u0441\u043e\u0441\u0442\u043e\u0438\u0442 \u0438\u0437 \u043a\u0440\u0430\u0441\u0438\u0432\u044b\u0445 \u0447\u0430\u0439\u043d\u044b\u0445 \u043b\u0438\u0441\u0442\u044c\u0435\u0432 \u043f\u0440\u0430\u0432\u0438\u043b\u044c\u043d\u043e\u0439 \u0444\u043e\u0440\u043c\u044b \u0438 \u0437\u043e\u043b\u043e\u0442\u0438\u0441\u0442\u044b\u0445 \u043f\u043e\u0447\u0435\u043a. \u0421\u0443\u0445\u0438\u0435 \u0447\u0430\u0438\u043d\u043a\u0438 \u043e\u0431\u043b\u0430\u0434\u0430\u044e\u0442 \u043f\u0440\u0438\u044f\u0442\u043d\u044b\u043c \u0437\u0430\u043f\u0430\u0445\u043e\u043c \u0441 \u0444\u0440\u0443\u043a\u0442\u043e\u0432\u043e-\u0441\u043b\u0430\u0434\u043a\u043e\u0439 \u043d\u043e\u0442\u043e\u0439.\r\n\u0413\u043e\u043b\u0434\u0435\u043d \u0410\u0441\u0441\u0430\u043c \u0421\u0430\u043d\u043a\u0430\u0440 \u043e\u0442\u043b\u0438\u0447\u0430\u0435\u0442\u0441\u044f \u0431\u043e\u0433\u0430\u0442\u044b\u043c \u0432\u043a\u0443\u0441\u043e\u043c \u0438 \u0441\u0438\u043b\u044c\u043d\u044b\u043c \u0430\u0440\u043e\u043c\u0430\u0442\u043e\u043c \u0441 \u043b\u0435\u0433\u043a\u0438\u043c\u0438 \u043e\u0442\u0442\u0435\u043d\u043a\u0430\u043c\u0438 \u0445\u043c\u0435\u043b\u044f. \u041c\u044f\u0433\u043a\u0438\u0439 \u0432\u043d\u0430\u0447\u0430\u043b\u0435, \u043e\u043d \u043f\u0435\u0440\u0435\u0440\u0430\u0441\u0442\u0430\u0435\u0442 \u0432 \u0433\u043b\u0443\u0431\u043e\u043a\u0443\u044e \u043d\u0430\u0441\u044b\u0449\u0435\u043d\u043d\u0443\u044e \u043a\u0440\u0435\u043f\u043e\u0441\u0442\u044c \u0441 \u0434\u043e\u043b\u0433\u043e\u0439 \u0432\u043e\u043b\u043d\u043e\u0439 \u044f\u0440\u043a\u043e\u0433\u043e \u043f\u043e\u0441\u043b\u0435\u0432\u043a\u0443\u0441\u0438\u044f.\r\n\u0427\u0430\u0448\u043a\u0430 \u0441\u0432\u0435\u0436\u0435\u0437\u0430\u0432\u0430\u0440\u0435\u043d\u043d\u043e\u0433\u043e \u0447\u0430\u044f \u0413\u043e\u043b\u0434\u0435\u043d \u0410\u0441\u0441\u0430\u043c \u0421\u0430\u043d\u043a\u0430\u0440 \u2014 \u043f\u0440\u0435\u043a\u0440\u0430\u0441\u043d\u043e\u0435 \u043d\u0430\u0447\u0430\u043b\u043e \u0434\u043d\u044f. \u042d\u0442\u043e\u0442 \u0447\u0430\u0439 \u043c\u043e\u0436\u043d\u043e \u043f\u0438\u0442\u044c \u043a\u0430\u043a \u0441 \u0441\u0430\u0445\u0430\u0440\u043e\u043c \u0438 \u0441\u043b\u0438\u0432\u043a\u0430\u043c\u0438, \u0442\u0430\u043a \u0438 \u0431\u0435\u0437 \u043a\u0430\u043a\u0438\u0445-\u043b\u0438\u0431\u043e \u0434\u043e\u0431\u0430\u0432\u043e\u043a \u2014 \u0432 \u043b\u044e\u0431\u043e\u043c \u0441\u043b\u0443\u0447\u0430\u0435 \u043e\u043d \u0441\u043e\u0445\u0440\u0430\u043d\u0438\u0442 \u0441\u0432\u043e\u0439 \u0445\u0430\u0440\u0430\u043a\u0442\u0435\u0440\u043d\u044b\u0439 \u0432\u043a\u0443\u0441 \u0438 \u043d\u0435\u043e\u0431\u044b\u0447\u043d\u044b\u0439 \u043d\u0430\u0441\u044b\u0449\u0435\u043d\u043d\u044b\u0439 \u0430\u0440\u043e\u043c\u0430\u0442. \r\n\u041e\u043f\u0442\u0438\u043c\u0430\u043b\u044c\u043d\u0430\u044f \u0442\u0435\u043c\u043f\u0435\u0440\u0430\u0442\u0443\u0440\u0430 \u0437\u0430\u0432\u0430\u0440\u0438\u0432\u0430\u043d\u0438\u044f \u0413\u043e\u043b\u0434\u0435\u043d \u0410\u0441\u0441\u0430\u043c \u0421\u0430\u043d\u043a\u0430\u0440 FTGFOP 95\u00b0\u0421.", "categories": [3], "name": "\u0413\u043e\u043b\u0434\u0435\u043d"}}, {"pk": 2, "model": "ncatalogue.product", "fields": {"description": "", "text": "", "price": 20.0, "cover": 2, "upc": "", "gallery": 1, "currency": 1, "measure_unit": 1, "long_description": "", "categories": [3], "name": "\u0413\u043e\u0440\u043d\u044b\u0439"}}, {"pk": 3, "model": "ncatalogue.product", "fields": {"description": "", "text": "", "price": 30.0, "cover": 3, "upc": "1", "gallery": 1, "currency": 1, "measure_unit": 1, "long_description": "", "categories": [8], "name": "\u0421\u0432\u0435\u0442\u043b\u044b\u0439"}}, {"pk": 4, "model": "ncatalogue.product", "fields": {"description": "", "text": "", "price": 30.0, "cover": 4, "upc": "2", "gallery": 1, "currency": 1, "measure_unit": 1, "long_description": "", "categories": [1], "name": "\u041f\u0443\u044d\u0440"}}, {"pk": 5, "model": "ncatalogue.product", "fields": {"description": "", "text": "", "price": 200.0, "cover": 5, "upc": "13123", "gallery": 2, "currency": 1, "measure_unit": 2, "long_description": "", "categories": [10], "name": "\u041a\u043e\u0444\u0435 \u0430\u0440\u0433\u0435\u043d\u0442\u0438\u043d\u043e"}}, {"pk": 6, "model": "ncatalogue.product", "fields": {"description": "", "text": "", "price": 300.0, "cover": 6, "upc": "01", "gallery": 2, "currency": 1, "measure_unit": 2, "long_description": "", "categories": [9], "name": "Evadia Mestera"}}, {"pk": 1, "model": "photologue.gallery", "fields": {"description": "", "title_slug": "chernye-chai", "tags": "", "title": "\u0427\u0435\u0440\u043d\u044b\u0435 \u0447\u0430\u0438", "photos": [4, 3, 2, 1], "is_public": true, "date_added": "2013-04-23T22:55:37Z"}}, {"pk": 2, "model": "photologue.gallery", "fields": {"description": "", "title_slug": "kofe", "tags": "", "title": "\u041a\u043e\u0444\u0435", "photos": [6, 5], "is_public": true, "date_added": "2013-04-26T21:07:27Z"}}, {"pk": 1, "model": "photologue.photo", "fields": {"view_count": 0, "title_slug": "golden", "date_taken": "2013-04-23T22:57:16.684Z", "title": "\u0413\u043e\u043b\u0434\u0435\u043d", "image": "photologue/photos/golden.jpg", "tags": "", "crop_from": "center", "effect": null, "caption": "", "is_public": true, "date_added": "2013-04-23T22:57:16.664Z"}}, {"pk": 2, "model": "photologue.photo", "fields": {"view_count": 0, "title_slug": "gornyj", "date_taken": "2013-04-23T23:17:35.634Z", "title": "\u0413\u043e\u0440\u043d\u044b\u0439", "image": "photologue/photos/gorny.jpg", "tags": "", "crop_from": "center", "effect": null, "caption": "", "is_public": true, "date_added": "2013-04-23T23:17:35.570Z"}}, {"pk": 3, "model": "photologue.photo", "fields": {"view_count": 0, "title_slug": "svetlyj", "date_taken": "2013-04-23T23:19:31.484Z", "title": "\u0421\u0432\u0435\u0442\u043b\u044b\u0439", "image": "photologue/photos/light.jpg", "tags": "", "crop_from": "center", "effect": null, "caption": "", "is_public": true, "date_added": "2013-04-23T23:19:31.313Z"}}, {"pk": 4, "model": "photologue.photo", "fields": {"view_count": 0, "title_slug": "puer", "date_taken": "2013-04-23T23:23:06.309Z", "title": "\u041f\u0443\u044d\u0440", "image": "photologue/photos/puer.jpg", "tags": "", "crop_from": "center", "effect": null, "caption": "", "is_public": true, "date_added": "2013-04-23T23:23:06.162Z"}}, {"pk": 5, "model": "photologue.photo", "fields": {"view_count": 0, "title_slug": "kofe-1", "date_taken": "2013-04-26T21:07:55.936Z", "title": "\u041a\u043e\u0444\u0435 1", "image": "photologue/photos/want-to-live-longer-drink-coffee.jpg", "tags": "", "crop_from": "center", "effect": null, "caption": "", "is_public": true, "date_added": "2013-04-26T21:07:55.863Z"}}, {"pk": 6, "model": "photologue.photo", "fields": {"view_count": 0, "title_slug": "evadia-mestera", "date_taken": "2013-04-27T07:38:21.877Z", "title": "Evadia Mestera", "image": "photologue/photos/kofe-v-zernakh-Evadia-Mestero-1-kg_ab.jpg", "tags": "", "crop_from": "center", "effect": null, "caption": "", "is_public": true, "date_added": "2013-04-27T07:38:21.807Z"}}, {"pk": 1, "model": "photologue.photosize", "fields": {"name": "s280x280", "watermark": null, "increment_count": false, "effect": null, "crop": true, "height": 280, "width": 280, "upscale": true, "pre_cache": false, "quality": 70}}, {"pk": 2, "model": "photologue.photosize", "fields": {"name": "s340x340", "watermark": null, "increment_count": false, "effect": null, "crop": true, "height": 340, "width": 340, "upscale": true, "pre_cache": false, "quality": 90}}, {"pk": 3, "model": "photologue.photosize", "fields": {"name": "s120x120", "watermark": null, "increment_count": false, "effect": null, "crop": true, "height": 120, "width": 120, "upscale": true, "pre_cache": false, "quality": 90}}, {"pk": 4, "model": "photologue.photosize", "fields": {"name": "s64x64", "watermark": null, "increment_count": false, "effect": null, "crop": false, "height": 64, "width": 64, "upscale": false, "pre_cache": false, "quality": 90}}, {"pk": 1, "model": "commerce.currency", "fields": {"shortname": "\u0440\u0443\u0431.", "name_international": "Russian ruble", "name": "\u0420\u043e\u0441\u0441\u0438\u0439\u0441\u043a\u0438\u0439 \u0420\u0443\u0431\u043b\u044c", "shortname_international": "Rur"}}, {"pk": 2, "model": "commerce.currency", "fields": {"shortname": "$", "name_international": "US Dollar", "name": "\u0414\u043e\u043b\u043b\u0430\u0440 \u0421\u0428\u0410", "shortname_international": "$"}}, {"pk": 1, "model": "commerce.cart", "fields": {"modified_at": "2013-05-04T17:35:54.496Z", "created_at": "2013-05-04T17:35:54.496Z", "is_active": false, "user": null, "random_key": "4353351949walmkjwlxu1782888001"}}, {"pk": 2, "model": "commerce.cart", "fields": {"modified_at": "2013-05-04T17:36:05.850Z", "created_at": "2013-05-04T17:36:05.850Z", "is_active": false, "user": 1, "random_key": "8553312510djcrrsabwk8903141622"}}, {"pk": 3, "model": "commerce.cart", "fields": {"modified_at": "2013-05-04T17:39:54.477Z", "created_at": "2013-05-04T17:39:54.477Z", "is_active": false, "user": null, "random_key": "0530896664ihwwkegwvn0581584583"}}, {"pk": 4, "model": "commerce.cart", "fields": {"modified_at": "2013-05-04T17:40:16.151Z", "created_at": "2013-05-04T17:40:16.151Z", "is_active": false, "user": null, "random_key": "4773567693awlubigenv5190789424"}}, {"pk": 5, "model": "commerce.cart", "fields": {"modified_at": "2013-05-09T22:42:17.488Z", "created_at": "2013-05-09T22:42:17.488Z", "is_active": false, "user": null, "random_key": "3963506827ppdailstgd9275424244"}}, {"pk": 6, "model": "commerce.cart", "fields": {"modified_at": "2013-05-09T23:32:03.239Z", "created_at": "2013-05-09T23:32:03.239Z", "is_active": false, "user": null, "random_key": "4742223597gwpixqxtyc4637125506"}}, {"pk": 7, "model": "commerce.cart", "fields": {"modified_at": "2013-05-10T19:11:34.757Z", "created_at": "2013-05-10T19:11:34.757Z", "is_active": false, "user": null, "random_key": "6614618146kxnvqoesdj6761238581"}}, {"pk": 8, "model": "commerce.cart", "fields": {"modified_at": "2013-05-11T17:12:11.515Z", "created_at": "2013-05-11T17:12:11.515Z", "is_active": false, "user": null, "random_key": "0169048900nfvfznfxcx0132399835"}}, {"pk": 5, "model": "commerce.cartelement", "fields": {"product": 1, "cart": 2, "quantity": 6}}, {"pk": 8, "model": "commerce.cartelement", "fields": {"product": 2, "cart": 2, "quantity": 3}}, {"pk": 10, "model": "commerce.cartelement", "fields": {"product": 6, "cart": 2, "quantity": 1}}, {"pk": 1, "model": "commerce.preorder", "fields": {"is_active": true, "created_at": "2013-05-10T20:50:53.565Z", "modified_at": "2013-05-10T22:17:35.499Z", "paid": false, "requested_for_delivery": true, "payment_on_delivery": true, "shopoholic": 6}}, {"pk": 2, "model": "commerce.preorder", "fields": {"is_active": false, "created_at": "2013-05-10T20:56:26.391Z", "modified_at": "2013-05-10T21:17:34.398Z", "paid": true, "requested_for_delivery": true, "payment_on_delivery": true, "shopoholic": 1}}, {"pk": 1, "model": "commerce.preorderelement", "fields": {"preorder": 1, "product": 1, "quantity": 3}}, {"pk": 2, "model": "commerce.preorderelement", "fields": {"preorder": 1, "product": 5, "quantity": 7}}, {"pk": 3, "model": "commerce.preorderelement", "fields": {"preorder": 1, "product": 2, "quantity": 2}}, {"pk": 4, "model": "commerce.preorderelement", "fields": {"preorder": 1, "product": 1, "quantity": 5}}, {"pk": 5, "model": "commerce.preorderelement", "fields": {"preorder": 1, "product": 2, "quantity": 1}}, {"pk": 6, "model": "commerce.preorderelement", "fields": {"preorder": 2, "product": 1, "quantity": 3}}, {"pk": 7, "model": "commerce.preorderelement", "fields": {"preorder": 2, "product": 5, "quantity": 7}}, {"pk": 8, "model": "commerce.preorderelement", "fields": {"preorder": 2, "product": 2, "quantity": 2}}, {"pk": 9, "model": "commerce.preorderelement", "fields": {"preorder": 2, "product": 1, "quantity": 5}}, {"pk": 10, "model": "commerce.preorderelement", "fields": {"preorder": 2, "product": 2, "quantity": 1}}, {"pk": 1, "model": "commerce.currencyexchange", "fields": {"to_currency": 1, "course": 31.0, "from_currency": 2}}, {"pk": 3, "model": "commerce.deliveryaddress", "fields": {"street_house": "\u043b\u0435\u0441\u043d\u043e\u0439", "city": "\u041d\u041d\u043e\u0432qwqew", "lon": null, "zipcode": "13", "phone": "81237918273", "user": 1, "lat": null}}]